id,first_name,last_name,email,phone,gender,birth,covid,date
1,Jodee,Duggen,jduggen0@typepad.com,733-398-0200,Female,12/21/1939,false,6/10/2024
2,Otes,Rickersey,orickersey1@flavors.me,,Male,8/31/1998,false,5/14/2024
3,Buckie,Postans,bpostans2@sogou.com,341-926-5469,Male,5/19/1997,true,4/7/2024
4,Willa,Dory,wdory3@vistaprint.com,269-327-9957,Female,11/3/1955,false,5/29/2024
5,Elsey,Briar,ebriar4@parallels.com,621-836-1575,Female,12/26/1973,true,4/17/2024
6,Duff,Stearley,dstearley5@economist.com,319-745-1460,Genderqueer,8/3/1997,true,5/21/2024
7,Anthia,Duckworth,aduckworth6@sourceforge.net,,Female,4/17/1996,false,6/5/2024
8,Ameline,Lundberg,alundberg7@cyberchimps.com,464-809-3088,Female,8/30/1947,false,5/24/2024
9,Zahara,Bunclark,zbunclark8@yelp.com,955-419-4798,Female,4/11/1935,false,5/5/2024
10,Haley,Haddow,hhaddow9@mail.ru,,Male,8/10/1941,false,6/20/2024
11,Miles,,mraddena@dmoz.org,,Male,8/29/1923,false,5/16/2024
12,Kalinda,Lownsbrough,klownsbroughb@kickstarter.com,262-141-7954,Female,2/21/1948,true,4/12/2024
13,Melodie,Spears,mspearsc@nhs.uk,552-201-7827,Female,3/1/1935,false,4/8/2024
14,Euphemia,Cottu,ecottud@histats.com,,Female,8/10/1985,false,5/27/2024
15,Daryl,Heal,dheale@huffingtonpost.com,971-843-7912,Male,12/28/1996,false,5/29/2024
16,Dorian,Sprankling,dspranklingf@who.int,,Female,2/17/1961,false,5/17/2024
17,Tiphani,McKelvie,tmckelvieg@mayoclinic.com,980-367-4606,Female,4/16/2019,false,5/24/2024
18,Sullivan,Buckingham,sbuckinghamh@bluehost.com,314-325-0455,Male,12/18/1982,false,5/20/2024
19,Richy,Tunstall,rtunstalli@boston.com,811-188-7894,Male,7/14/1977,true,4/21/2024
20,Edward,Ianni,eiannij@wikimedia.org,730-171-9092,Male,10/9/2014,true,5/26/2024
21,Caroljean,Beloe,cbeloek@pbs.org,621-311-9704,Genderqueer,12/19/1947,false,4/6/2024
22,Blaire,Pinock,bpinockl@cnet.com,229-205-2456,Female,4/9/1975,true,4/30/2024
23,Maribelle,Lafranconi,mlafranconim@rediff.com,739-302-6569,Genderqueer,8/7/1937,false,6/14/2024
24,Riki,Scholte,rscholten@indiatimes.com,938-587-3017,Genderqueer,5/21/1958,true,5/5/2024
25,Margo,Shotboulte,mshotboulteo@zdnet.com,520-221-9956,Female,3/12/1930,true,4/21/2024
26,Jozef,Jamrowicz,jjamrowiczp@feedburner.com,354-899-2684,Male,3/8/2006,false,6/1/2024
27,Hayden,Bras,hbrasq@hud.gov,932-806-2441,Male,9/13/1979,true,5/28/2024
28,Moina,Bottell,mbottellr@paginegialle.it,752-366-5557,Female,3/2/1943,true,5/24/2024
29,Frank,Cornillot,fcornillots@chicagotribune.com,355-957-6939,Male,2/1/2010,true,5/11/2024
30,Horatio,Staneland,hstanelandt@acquirethisname.com,,Male,4/24/1936,true,4/18/2024
31,Starla,Roubottom,sroubottomu@independent.co.uk,,Female,11/30/1958,true,6/5/2024
32,Percy,Shepherdson,pshepherdsonv@printfriendly.com,,Male,12/26/1941,true,6/6/2024
33,Pansy,Dibdale,pdibdalew@clickbank.net,264-938-8037,Female,5/13/1973,false,6/4/2024
34,Paulie,Pellamonuten,ppellamonutenx@weibo.com,591-436-9532,Male,1/25/2017,false,4/19/2024
35,Berkie,D'Acth,bdacthy@slideshare.net,,Male,10/24/1942,false,5/18/2024
36,Sigfrid,Rielly,sriellyz@unesco.org,841-104-4075,Male,7/24/1924,false,5/23/2024
37,Evie,Hinckley,ehinckley10@fda.gov,918-421-7505,Female,3/6/1951,false,5/24/2024
38,Ainsley,Hanstock,ahanstock11@netvibes.com,345-485-3696,Female,8/19/1931,true,5/30/2024
39,Garik,Parmby,gparmby12@bigcartel.com,144-557-8645,Male,12/19/1936,false,6/12/2024
40,Wini,Carney,wcarney13@cisco.com,,Female,12/12/1937,false,5/28/2024
41,Jason,Hoggin,jhoggin14@arstechnica.com,966-809-3008,Male,12/31/1965,false,5/26/2024
42,Rayner,Bryant,rbryant15@dyndns.org,154-918-3922,Male,9/16/2020,false,4/4/2024
43,Saloma,Fairey,sfairey16@comsenz.com,472-856-5757,Female,5/5/1958,true,5/17/2024
44,Sindee,Weare,sweare17@rambler.ru,695-991-9083,Female,7/26/2012,false,5/28/2024
45,Nonah,Puve,npuve18@mashable.com,,Female,11/28/1934,true,4/16/2024
46,Ollie,Gouldstraw,ogouldstraw19@fc2.com,514-768-1070,Female,8/18/2020,false,4/8/2024
47,Keen,MacIlriach,kmacilriach1a@mayoclinic.com,420-307-4528,Male,6/26/1991,false,4/30/2024
48,Jocelyne,,jbuglass1b@hc360.com,721-338-5603,Female,7/8/1947,true,4/23/2024
49,Dan,Logue,dlogue1c@netscape.com,613-446-8771,Male,5/16/1923,false,5/18/2024
50,Lorita,Formigli,lformigli1d@telegraph.co.uk,129-967-8273,Female,4/17/1999,false,6/8/2024
51,Fonzie,Pyzer,fpyzer1e@buzzfeed.com,904-936-0723,Male,1/13/2023,true,4/6/2024
52,Darrin,Lytton,dlytton1f@com.com,208-261-6563,Male,2/11/2006,true,5/30/2024
53,Matthus,Josephs,mjosephs1g@digg.com,,Male,5/22/1973,true,4/25/2024
54,Mattie,,mdrogan1h@telegraph.co.uk,788-500-5701,Female,1/15/1984,true,5/27/2024
55,Garland,Vesty,gvesty1i@i2i.jp,815-385-2904,Female,10/23/1954,false,5/21/2024
56,Mace,,mingman1j@last.fm,165-206-1683,Male,3/14/1989,true,5/31/2024
57,Bobina,de Courcey,bdecourcey1k@hibu.com,131-769-8641,Female,4/10/2005,true,4/19/2024
58,Lockwood,Hillatt,lhillatt1l@furl.net,610-838-0059,Male,4/20/1929,true,4/29/2024
59,Jerrie,Autin,jautin1m@alexa.com,970-497-5381,Male,9/6/1983,true,4/6/2024
60,Price,Father,pfather1n@flickr.com,884-278-1576,Male,5/1/1955,false,6/9/2024
61,Genia,Lecount,glecount1o@deliciousdays.com,672-955-6851,Female,7/11/1994,false,6/2/2024
62,,Mazzilli,lmazzilli1p@reverbnation.com,952-233-7608,Male,10/2/2008,true,4/21/2024
63,Banky,Tunnicliffe,btunnicliffe1q@walmart.com,,Male,5/16/1987,true,5/15/2024
64,Christophorus,Hillen,chillen1r@desdev.cn,726-836-1774,Male,7/11/2017,false,5/12/2024
65,Rana,Bartkiewicz,rbartkiewicz1s@myspace.com,864-887-7648,Female,12/31/2023,false,4/10/2024
66,Lesya,Bellchamber,lbellchamber1t@youku.com,153-652-2793,Female,8/19/2022,false,4/4/2024
67,Christos,Noddles,cnoddles1u@dion.ne.jp,,Male,1/1/1954,false,6/2/2024
68,Sherill,Mulford,smulford1v@telegraph.co.uk,259-450-3062,Female,6/20/2016,false,6/15/2024
69,Clark,Tunnicliffe,ctunnicliffe1w@cloudflare.com,406-763-8376,Male,3/5/2020,true,5/21/2024
70,Hartwell,Presslee,hpresslee1x@tinypic.com,487-212-6744,Male,10/21/1936,false,5/8/2024
71,Garrik,Suggey,gsuggey1y@cdc.gov,173-311-9293,Male,11/23/1956,true,6/6/2024
72,Tammie,Sutherden,tsutherden1z@google.cn,260-853-8421,Female,7/2/1932,true,5/28/2024
73,Sibeal,Goncaves,sgoncaves20@newsvine.com,,Female,6/8/2002,true,6/6/2024
74,Ripley,Callway,rcallway21@taobao.com,864-883-2908,Male,6/23/2006,true,4/21/2024
75,Libbie,Shawcross,lshawcross22@people.com.cn,668-780-9756,Female,12/4/1982,true,4/27/2024
76,Ewell,Mitchener,emitchener23@amazon.co.uk,903-157-0798,Male,10/4/1965,true,5/29/2024
77,Halette,Skeffington,hskeffington24@slate.com,,Female,5/23/1958,true,4/13/2024
78,Shelden,Allebone,sallebone25@senate.gov,,Male,10/8/1968,true,6/17/2024
79,Dennie,Nolder,dnolder26@walmart.com,255-656-8474,Male,10/8/1995,false,4/12/2024
80,Belita,Dohmann,bdohmann27@psu.edu,796-489-1661,Female,10/20/1944,true,4/26/2024
81,Brooks,Allison,ballison28@bbb.org,625-496-5767,Male,11/9/1940,true,4/11/2024
82,Lorant,Van der Beken,lvanderbeken29@vistaprint.com,630-701-8803,Male,7/22/2018,true,6/7/2024
83,Bethanne,Blaza,bblaza2a@hp.com,,Female,6/22/1986,true,5/6/2024
84,Harvey,Foston,hfoston2b@newsvine.com,,Male,4/6/1928,true,5/3/2024
85,Bernadine,Longcaster,blongcaster2c@nationalgeographic.com,361-765-6384,Female,8/29/2022,false,6/6/2024
86,Maggy,Kissell,mkissell2d@aol.com,662-526-5706,Female,9/12/1995,false,4/3/2024
87,Kyle,Gove,kgove2e@ovh.net,,Male,6/4/1921,true,5/7/2024
88,Jeddy,,jjorck2f@umich.edu,,Male,9/16/1957,false,4/21/2024
89,Emmeline,Rignoldes,erignoldes2g@vinaora.com,,Female,3/30/2001,false,5/14/2024
90,Madge,Moriarty,mmoriarty2h@redcross.org,234-313-1522,Female,3/22/2019,true,4/25/2024
91,Jenica,,jbrennon2i@ihg.com,,Non-binary,1/16/2023,false,4/1/2024
92,Dame,Nicklin,dnicklin2j@t-online.de,835-382-1368,Male,2/28/1969,false,4/23/2024
93,Halley,Palethorpe,hpalethorpe2k@adobe.com,384-991-0827,Female,12/20/2008,false,5/8/2024
94,Wayland,Nolin,wnolin2l@ning.com,628-121-5267,Male,2/5/2023,false,6/19/2024
95,Reidar,,rdargan2m@devhub.com,368-923-1984,Male,4/15/1924,true,6/7/2024
96,Clareta,McGebenay,cmcgebenay2n@amazon.co.jp,,Female,9/11/2018,true,6/4/2024
97,Genevieve,Odams,godams2o@marketwatch.com,792-343-2367,Female,12/27/1952,false,5/23/2024
98,Nilson,Henriques,nhenriques2p@dyndns.org,802-708-8057,Male,6/25/2003,false,4/29/2024
99,Cassandre,Nutting,cnutting2q@yahoo.co.jp,,Female,10/13/2009,false,6/6/2024
100,Isadore,Lodden,ilodden2r@posterous.com,518-280-7648,Male,7/13/1994,false,5/28/2024
101,Carey,Meritt,cmeritt2s@sakura.ne.jp,,Female,4/5/1946,true,4/14/2024
102,Ariel,Kensit,akensit2t@pagesperso-orange.fr,347-428-2823,Male,6/13/1921,false,6/20/2024
103,Justino,Behrend,jbehrend2u@pen.io,,Male,12/31/1941,true,4/23/2024
104,Karil,Middlehurst,kmiddlehurst2v@photobucket.com,879-736-7725,Female,4/17/1948,false,6/8/2024
105,Bambie,Hayfield,bhayfield2w@howstuffworks.com,115-427-3643,Female,5/9/2001,false,4/24/2024
106,Tybi,While,twhile2x@about.com,508-703-8130,Female,4/2/1987,false,6/6/2024
107,Darcie,McElane,dmcelane2y@discovery.com,358-531-2030,Female,4/13/1942,true,5/8/2024
108,Berri,Still,bstill2z@icio.us,623-270-6183,Bigender,8/12/1999,false,5/7/2024
109,Davis,,dwainscot30@examiner.com,728-198-9539,Male,8/26/1956,false,4/14/2024
110,Margalit,Radolf,mradolf31@cisco.com,468-814-7346,Female,9/21/1961,true,4/30/2024
111,Rheta,O' Borne,roborne32@addthis.com,850-429-5088,Female,7/13/1997,false,5/11/2024
112,Cyrus,Szymanowicz,cszymanowicz33@deliciousdays.com,400-209-6744,Male,12/19/1954,false,4/17/2024
113,June,Jannings,jjannings34@myspace.com,731-433-5423,Female,11/24/1950,true,6/16/2024
114,Petrina,Greenhowe,pgreenhowe35@bbc.co.uk,841-190-8248,Non-binary,2/12/1932,false,5/13/2024
115,Schuyler,MacKeller,smackeller36@networkadvertising.org,,Male,1/14/1960,true,6/9/2024
116,Nert,Paradin,nparadin37@cocolog-nifty.com,645-704-5636,Genderqueer,5/27/1966,true,5/29/2024
117,Alice,Mc Comb,amccomb38@w3.org,,Female,3/25/1981,true,4/7/2024
118,Beckie,Hulance,bhulance39@prlog.org,786-969-2391,Female,3/31/1943,false,6/11/2024
119,Sallyann,Womack,swomack3a@columbia.edu,,Female,10/5/1962,true,5/6/2024
120,Gerik,O'Cannavan,gocannavan3b@newsvine.com,431-183-2925,Male,2/28/1979,true,6/5/2024
121,Garek,O'Kane,gokane3c@hibu.com,,Male,9/24/1982,false,4/2/2024
122,Jamison,Noonan,jnoonan3d@indiegogo.com,,Male,6/27/1969,true,4/21/2024
123,Melonie,Jandourek,mjandourek3e@e-recht24.de,173-632-4316,Female,1/27/1934,false,4/6/2024
124,Dougie,Hasard,dhasard3f@is.gd,664-879-5316,Male,9/7/2004,false,4/17/2024
125,Gilles,Magner,gmagner3g@examiner.com,860-703-7289,Male,10/13/1989,false,5/29/2024
126,Ileana,Tylor,itylor3h@webs.com,,Female,2/13/2018,false,5/25/2024
127,Gearalt,Leask,gleask3i@noaa.gov,182-435-7832,Male,2/24/2000,false,5/10/2024
128,Fredericka,Kinson,fkinson3j@facebook.com,,Female,5/4/1977,true,4/13/2024
129,Winny,Tofpik,wtofpik3k@com.com,375-453-2847,Male,12/21/1937,false,6/20/2024
130,Quinton,Rookledge,qrookledge3l@nymag.com,,Male,8/20/1943,true,4/19/2024
131,Hulda,Carrel,hcarrel3m@pagesperso-orange.fr,,Female,6/18/1971,false,4/1/2024
132,Christyna,Ferdinand,cferdinand3n@house.gov,293-818-0691,Female,4/19/1980,false,5/5/2024
133,Kristien,Smerdon,ksmerdon3o@omniture.com,432-394-6531,Female,2/4/1972,true,5/9/2024
134,Douglas,Hallibone,dhallibone3p@tmall.com,408-126-3682,Male,8/11/1965,false,6/14/2024
135,Shauna,St. Aubyn,sstaubyn3q@tiny.cc,501-364-2121,Female,12/2/1958,false,5/22/2024
136,Dolorita,Labusquiere,dlabusquiere3r@alexa.com,651-609-1310,Female,2/13/1975,false,5/2/2024
137,Tucker,Lougheid,tlougheid3s@com.com,315-925-3070,Male,10/25/1982,false,6/13/2024
138,Kliment,Cuerda,kcuerda3t@imageshack.us,777-972-4372,Male,12/21/1958,true,5/18/2024
139,Benedikta,Germon,bgermon3u@vkontakte.ru,,Female,10/15/2008,true,5/18/2024
140,Annamaria,Wheelwright,awheelwright3v@booking.com,957-121-6338,Female,2/1/1981,false,5/10/2024
141,Eveline,Sperwell,esperwell3w@i2i.jp,952-515-8815,Genderqueer,2/16/1950,true,5/18/2024
142,Jillene,Hollow,jhollow3x@google.cn,134-928-8856,Female,4/1/1963,true,4/25/2024
143,Noak,Malpas,nmalpas3y@wufoo.com,571-128-3008,Male,2/12/2000,false,4/25/2024
144,Auroora,Carmel,acarmel3z@chicagotribune.com,778-782-3678,Female,6/22/1954,false,6/3/2024
145,Elvera,Paggitt,epaggitt40@va.gov,645-196-2170,Female,3/4/1932,false,4/23/2024
146,Lothaire,Heineke,lheineke41@trellian.com,685-167-1304,Male,5/28/1987,true,5/24/2024
147,Claribel,Orta,corta42@unc.edu,480-819-2623,Female,5/31/1950,false,5/29/2024
148,Hyatt,Local,hlocal43@friendfeed.com,,Male,5/23/1967,true,5/7/2024
149,Wadsworth,De Blasi,wdeblasi44@mozilla.com,,Male,7/5/1953,false,4/19/2024
150,Jamey,Woodson,jwoodson45@etsy.com,565-443-0848,Male,9/22/1985,false,5/18/2024
151,Vasili,Karet,vkaret46@google.com.br,378-848-2182,Male,6/2/2004,false,5/12/2024
152,Diane,Britt,dbritt47@domainmarket.com,239-981-7659,Female,3/21/1953,true,5/24/2024
153,Rosina,Luberti,rluberti48@ed.gov,529-993-7353,Female,2/12/1936,true,4/2/2024
154,Wallache,Schinetti,wschinetti49@amazon.co.jp,346-691-8919,Male,3/15/2004,false,6/20/2024
155,Isiahi,Footer,ifooter4a@so-net.ne.jp,538-981-7031,Male,4/30/1964,true,4/7/2024
156,Upton,Shea,ushea4b@google.fr,,Male,5/13/1992,true,4/30/2024
157,Krishna,,kbrunelleschi4c@yahoo.co.jp,745-773-9654,Male,9/1/2004,false,5/29/2024
158,Bruce,Lochet,blochet4d@earthlink.net,986-863-9371,Male,1/17/1984,true,5/18/2024
159,Alvira,Niece,aniece4e@marketwatch.com,243-341-2521,Female,3/26/1995,true,4/14/2024
160,Giuditta,Shippam,gshippam4f@ovh.net,,Female,1/21/2021,false,5/3/2024
161,Bondon,Lannon,blannon4g@google.ca,,Male,8/2/1982,true,5/10/2024
162,Artur,Guirardin,aguirardin4h@bluehost.com,370-863-9049,Male,3/9/1992,true,4/7/2024
163,,Knewstubb,fknewstubb4i@zdnet.com,784-155-7515,Bigender,2/9/1999,true,6/1/2024
164,Filberto,Hurt,fhurt4j@cbc.ca,276-279-1342,Male,11/23/1959,false,6/18/2024
165,Temple,Harlowe,tharlowe4k@delicious.com,987-106-6202,Male,4/24/1955,false,6/15/2024
166,Bidget,Monni,bmonni4l@people.com.cn,,Bigender,7/11/1935,false,6/10/2024
167,Benjy,Chin,bchin4m@npr.org,813-749-0605,Male,10/11/1922,false,5/30/2024
168,Tedra,Ballintime,tballintime4n@cpanel.net,622-601-1601,Female,3/25/1958,true,6/2/2024
169,Nickey,Micallef,nmicallef4o@blogs.com,,Male,9/12/1982,false,6/6/2024
170,Hannie,Roach,hroach4p@amazon.co.uk,,Agender,7/14/1962,false,6/13/2024
171,Ella,Toone,etoone4q@state.gov,,Female,12/27/1943,true,4/7/2024
172,Clark,Saltsberg,csaltsberg4r@hhs.gov,,Male,7/3/1966,true,5/19/2024
173,Kandy,Stimpson,kstimpson4s@sogou.com,,Female,6/29/1926,false,5/28/2024
174,Tally,Henzley,thenzley4t@ucsd.edu,827-312-3617,Male,8/11/2012,true,5/15/2024
175,Pip,Mokes,pmokes4u@theglobeandmail.com,,Male,7/1/2016,false,4/17/2024
176,Issi,MacNair,imacnair4v@delicious.com,,Female,10/26/1970,false,5/1/2024
177,Rianon,Ashwin,rashwin4w@umn.edu,,Female,9/3/1977,false,5/9/2024
178,Artemas,Maddinon,amaddinon4x@ovh.net,178-853-6038,Male,5/26/1939,false,6/15/2024
179,Ralina,Chalke,rchalke4y@networkadvertising.org,468-674-9726,Female,1/4/1935,false,5/18/2024
180,Eli,Banghe,ebanghe4z@arstechnica.com,680-778-7747,Male,9/24/1975,false,6/19/2024
181,Jacquelin,Sloat,jsloat50@rakuten.co.jp,565-726-7124,Female,7/21/1983,false,4/20/2024
182,Beverley,Aldersley,baldersley51@so-net.ne.jp,,Female,6/2/1932,false,6/8/2024
183,Phylys,Mulhill,pmulhill52@ucoz.ru,,Female,6/21/1933,true,4/5/2024
184,Cesya,Mossman,cmossman53@dailymotion.com,800-414-2442,Female,7/3/1948,true,5/31/2024
185,Jaine,Basset,jbasset54@devhub.com,754-753-7743,Female,10/8/1934,false,5/16/2024
186,Rowney,Wishkar,rwishkar55@bing.com,505-668-7687,Male,4/23/1923,false,6/17/2024
187,,Layfield,jlayfield56@github.com,314-767-0196,Female,4/17/1967,false,4/10/2024
188,Levin,Benninger,lbenninger57@youtube.com,,Male,6/25/1975,false,5/7/2024
189,Bradan,McVaugh,bmcvaugh58@comsenz.com,622-466-2473,Male,12/23/1921,true,4/14/2024
190,Cathrin,Newick,cnewick59@delicious.com,,Female,4/15/1922,true,6/9/2024
191,Roy,Skull,rskull5a@edublogs.org,310-100-6016,Male,4/11/1962,false,4/6/2024
192,Audrie,Byrkmyr,abyrkmyr5b@pagesperso-orange.fr,835-821-5695,Female,3/1/1924,true,5/20/2024
193,Frasier,Bennoe,fbennoe5c@earthlink.net,,Male,3/4/1951,false,6/20/2024
194,Darline,Garthshore,dgarthshore5d@blogger.com,516-677-7536,Female,1/21/2001,false,5/4/2024
195,Bria,Lambert,blambert5e@hibu.com,356-714-5353,Female,1/7/1928,true,5/6/2024
196,Sanson,Larne,slarne5f@histats.com,158-953-0190,Male,5/12/1996,false,4/5/2024
197,Jillana,Davioud,jdavioud5g@yolasite.com,591-128-5485,Female,4/5/1948,true,5/4/2024
198,Dane,Gascoine,dgascoine5h@huffingtonpost.com,971-752-0987,Male,3/4/1924,true,4/13/2024
199,Wilfred,,wlarne5i@ucoz.com,542-407-8991,Agender,3/3/1920,true,5/24/2024
200,Ailyn,World,aworld5j@typepad.com,215-325-3061,Female,4/6/1928,true,5/1/2024
201,Nickolaus,Nisco,nnisco5k@devhub.com,,Male,1/10/1989,true,4/16/2024
202,Zollie,Soigne,zsoigne5l@tumblr.com,,Male,12/13/1991,false,6/8/2024
203,Colas,Pindred,cpindred5m@wiley.com,,Genderfluid,4/22/1993,true,5/12/2024
204,Dot,Loveard,dloveard5n@barnesandnoble.com,661-432-0821,Female,3/23/1946,true,5/21/2024
205,Fayre,Hantusch,fhantusch5o@reference.com,932-560-2260,Female,5/11/1980,false,4/17/2024
206,,Magrannell,lmagrannell5p@ucla.edu,275-777-2426,Male,7/30/2011,true,4/30/2024
207,,Crisford,dcrisford5q@wordpress.com,491-287-7492,Male,5/18/2004,false,6/20/2024
208,Pepito,Frodsam,pfrodsam5r@blogger.com,280-398-5314,Male,8/30/2010,false,4/26/2024
209,Cookie,,cspellessy5s@arizona.edu,636-628-9010,Female,5/28/1961,false,5/13/2024
210,,Mundall,dmundall5t@plala.or.jp,200-534-5877,Male,6/2/1944,true,4/14/2024
211,Ado,Haggeth,ahaggeth5u@ow.ly,806-333-5313,Male,2/27/1921,true,5/28/2024
212,Ruthanne,,rmcdermott5v@cisco.com,306-338-3219,Polygender,4/15/1943,false,6/5/2024
213,Bernardo,Este,beste5w@livejournal.com,,Male,2/20/1928,false,4/24/2024
214,Melvin,Gladwin,mgladwin5x@ox.ac.uk,623-906-9808,Male,4/11/1975,true,4/10/2024
215,Nonie,Malam,nmalam5y@yandex.ru,160-920-4685,Female,11/17/1995,true,4/23/2024
216,Adelbert,Beggan,abeggan5z@dailymail.co.uk,740-187-8512,Male,4/25/2015,false,4/28/2024
217,Rowen,Sarfass,rsarfass60@sphinn.com,202-715-0530,Male,7/6/1995,true,4/18/2024
218,Shepherd,Tilberry,stilberry61@php.net,168-439-4905,Male,5/4/1922,false,4/22/2024
219,Anne,Hosier,ahosier62@ftc.gov,942-787-8787,Female,2/2/1920,true,4/5/2024
220,Evvy,Galliford,egalliford63@squidoo.com,249-519-2640,Female,7/10/1942,false,5/23/2024
221,Wittie,Sakins,wsakins64@hugedomains.com,684-761-2826,Male,11/20/2007,true,5/30/2024
222,Devora,Clench,dclench65@indiegogo.com,253-390-8456,Female,5/15/1926,true,6/10/2024
223,Carlina,Yedy,cyedy66@slate.com,973-765-4817,Female,7/11/1992,true,5/4/2024
224,Catha,Iglesiaz,ciglesiaz67@cnet.com,824-530-1949,Female,4/29/1957,false,6/3/2024
225,Violante,Oldfield,voldfield68@intel.com,352-941-9415,Female,11/14/1961,true,6/2/2024
226,Tyne,Siaskowski,tsiaskowski69@about.me,,Female,5/4/1937,false,6/5/2024
227,Janith,Micklewicz,jmicklewicz6a@apple.com,608-118-7195,Female,9/17/1964,false,4/4/2024
228,Upton,Walasik,uwalasik6b@aol.com,,Male,3/28/2016,false,6/17/2024
229,Sarge,Cansdall,scansdall6c@mail.ru,698-955-5926,Male,2/13/1955,true,4/7/2024
230,Jeremie,Conibear,jconibear6d@nsw.gov.au,,Male,4/18/1925,true,6/2/2024
231,Olwen,Simonyi,osimonyi6e@webmd.com,,Female,2/10/1959,false,5/23/2024
232,Giulietta,Limprecht,glimprecht6f@toplist.cz,504-843-7855,Female,1/21/1966,false,5/5/2024
233,Herschel,Scutter,hscutter6g@blog.com,348-533-0061,Male,4/24/1940,false,4/6/2024
234,Vance,Cavilla,vcavilla6h@omniture.com,811-725-8928,Male,3/31/1959,false,5/13/2024
235,Richmound,McSweeney,rmcsweeney6i@wisc.edu,,Male,3/14/1962,true,6/15/2024
236,Dion,,dworster6j@wikimedia.org,885-747-2722,Female,11/13/1929,true,5/8/2024
237,Dorise,Sharrocks,dsharrocks6k@joomla.org,,Female,11/20/1929,true,4/7/2024
238,Emmaline,Ruffell,eruffell6l@huffingtonpost.com,445-284-0739,Polygender,8/21/2002,true,6/10/2024
239,Martyn,Neiland,mneiland6m@etsy.com,368-612-2001,Male,2/1/1980,false,6/3/2024
240,Prissie,Hackforth,phackforth6n@fotki.com,728-237-0313,Female,10/21/1956,false,6/5/2024
241,,Rawe,brawe6o@angelfire.com,590-896-9583,Female,1/13/1971,true,4/15/2024
242,Frank,Plet,fplet6p@xinhuanet.com,464-115-2204,Agender,1/19/1984,false,5/22/2024
243,Ragnar,Bortolomei,rbortolomei6q@exblog.jp,847-576-8990,Male,2/12/1937,true,4/6/2024
244,Diane,Sheber,dsheber6r@seesaa.net,635-588-0985,Female,7/14/2013,false,4/5/2024
245,Dot,Bundy,dbundy6s@irs.gov,438-633-3388,Female,7/28/2017,true,6/15/2024
246,Maddi,Sambells,msambells6t@domainmarket.com,581-955-8004,Female,8/17/1988,true,5/16/2024
247,,Stockings,gstockings6u@scientificamerican.com,,Male,3/24/1937,true,5/16/2024
248,Shayna,Jurgensen,sjurgensen6v@whitehouse.gov,376-951-9641,Female,5/6/1923,true,6/9/2024
249,Theodore,Omand,tomand6w@diigo.com,,Male,9/25/2010,true,6/5/2024
250,Melosa,Minshall,mminshall6x@rediff.com,357-564-5183,Agender,5/15/2008,true,4/9/2024
251,Nelia,Rasch,nrasch6y@symantec.com,,Female,9/9/1995,true,4/12/2024
252,Perceval,Pahl,ppahl6z@go.com,,Bigender,4/1/1963,true,5/25/2024
253,Aarika,Huet,ahuet70@seattletimes.com,173-218-3681,Female,6/8/1939,true,4/14/2024
254,Jerrome,Downs,jdowns71@weibo.com,473-231-3600,Male,7/2/1948,false,5/3/2024
255,Orv,Floris,ofloris72@delicious.com,,Male,12/11/1933,false,5/21/2024
256,Huntington,Allbones,hallbones73@phoca.cz,522-687-9223,Male,7/24/1993,false,4/16/2024
257,Meaghan,Lebel,mlebel74@shareasale.com,229-418-2921,Female,2/20/1931,false,5/5/2024
258,Ulises,Drewet,udrewet75@oaic.gov.au,814-326-8556,Male,9/30/1933,true,4/16/2024
259,Jennilee,Janauschek,jjanauschek76@usda.gov,668-171-3286,Female,5/31/2013,true,4/26/2024
260,Sephira,Kiellor,skiellor77@ycombinator.com,919-460-1808,Female,8/6/1922,false,5/16/2024
261,Barron,Graeber,bgraeber78@prnewswire.com,359-983-1834,Male,12/14/2003,true,4/10/2024
262,Arturo,Dielhenn,adielhenn79@dailymotion.com,446-349-3390,Male,6/5/1988,true,5/19/2024
263,Nikolai,Francis,nfrancis7a@prweb.com,519-220-9765,Male,8/13/1943,true,5/6/2024
264,Jany,Rochford,jrochford7b@bluehost.com,327-713-2378,Female,7/17/2014,false,5/26/2024
265,Anderea,Killick,akillick7c@github.com,621-619-3798,Female,11/18/1942,false,4/23/2024
266,Sayres,Juan,sjuan7d@wisc.edu,984-749-7171,Male,7/31/2020,false,4/7/2024
267,Wayland,Sherreard,wsherreard7e@theguardian.com,901-745-2369,Male,8/23/1944,true,5/3/2024
268,Albertina,McCaughey,amccaughey7f@ed.gov,887-301-7054,Female,8/24/2012,false,4/2/2024
269,Hilton,Lumber,hlumber7g@addtoany.com,940-865-4570,Male,3/25/1963,false,4/3/2024
270,Gillan,Maior,gmaior7h@icq.com,204-315-5845,Female,2/18/1947,false,4/17/2024
271,Waldon,Toseland,wtoseland7i@about.me,808-915-0549,Male,8/31/1958,true,5/24/2024
272,Michele,Holworth,mholworth7j@tamu.edu,300-802-2567,Female,11/15/1934,false,4/1/2024
273,Jerry,Burberye,jburberye7k@mac.com,,Female,10/18/1945,true,5/11/2024
274,Elvira,Garfirth,egarfirth7l@blogspot.com,,Female,10/31/1945,true,5/18/2024
275,Kiersten,Lipsett,klipsett7m@wikispaces.com,,Female,5/13/2011,true,6/18/2024
276,Melamie,Rown,mrown7n@tamu.edu,,Female,5/20/1961,false,5/19/2024
277,Channa,Hargess,chargess7o@prnewswire.com,543-510-9209,Female,7/13/2023,true,5/3/2024
278,Lynea,Shillingford,lshillingford7p@123-reg.co.uk,,Female,11/16/1921,false,4/20/2024
279,Orbadiah,Meyer,omeyer7q@reddit.com,688-558-9735,Male,6/25/1967,false,5/24/2024
280,Dorian,Aubri,daubri7r@epa.gov,826-137-9744,Female,8/12/1949,false,6/2/2024
281,Angelita,Buchanan,abuchanan7s@cpanel.net,,Genderqueer,3/24/2019,false,5/18/2024
282,Caryl,Paton,cpaton7t@com.com,936-952-1602,Male,1/30/1978,false,4/15/2024
283,Mada,Cosbey,mcosbey7u@usda.gov,,Female,6/6/1948,false,6/20/2024
284,Margaret,,mcatanheira7v@goo.ne.jp,,Female,8/13/2010,false,4/23/2024
285,Guthrie,Ragate,gragate7w@nydailynews.com,238-627-2148,Male,9/9/1972,false,6/12/2024
286,Freddie,Blazewski,fblazewski7x@slate.com,,Bigender,9/2/1973,true,5/2/2024
287,Bartlett,Pettendrich,bpettendrich7y@purevolume.com,,Male,7/23/1996,false,5/31/2024
288,Nikolos,Kellington,nkellington7z@spotify.com,389-992-5191,Male,12/2/1982,true,5/30/2024
289,Bliss,Airdrie,bairdrie80@theguardian.com,,Female,8/14/2013,true,4/12/2024
290,Jules,Callcott,jcallcott81@linkedin.com,669-953-8570,Male,10/25/1964,true,4/28/2024
291,Cathyleen,Davidy,cdavidy82@mashable.com,992-144-3295,Female,7/4/1956,false,4/19/2024
292,Ferd,Hutchison,fhutchison83@nymag.com,594-619-8561,Male,4/3/2013,false,4/25/2024
293,Aidan,Le Sieur,alesieur84@google.it,,Female,7/14/1964,false,6/7/2024
294,Napoleon,Colloff,ncolloff85@geocities.com,,Genderfluid,10/12/2014,false,4/28/2024
295,Crista,Mudd,cmudd86@posterous.com,792-992-3359,Female,6/1/2015,true,5/21/2024
296,Gertrudis,McGairl,gmcgairl87@geocities.com,518-398-2104,Female,3/9/1967,true,4/5/2024
297,Latia,Lippatt,llippatt88@purevolume.com,,Female,11/19/1985,true,5/25/2024
298,Gibbie,Counihan,gcounihan89@un.org,699-567-1775,Male,5/18/1939,true,5/10/2024
299,Patten,Allery,pallery8a@dropbox.com,,Male,7/31/2013,false,5/26/2024
300,Egbert,Ranyell,eranyell8b@cdbaby.com,335-272-9300,Male,10/16/1940,true,5/19/2024
