id,first_name,last_name,email,phone,gender,birth,dengue,date
1,Jarrod,Tiernan,jtiernan0@blinklist.com,,Male,2/23/2017,true,4/22/2024
2,Tallou,Sambiedge,tsambiedge1@hibu.com,,Female,10/7/1959,false,5/30/2024
3,Ashlan,Beloe,abeloe2@cnn.com,,Female,3/20/2001,false,5/28/2024
4,Fabiano,Struan,fstruan3@economist.com,230-161-9664,Male,12/9/2022,true,4/22/2024
5,,Davioud,pdavioud4@google.es,978-560-4608,Female,9/29/1967,false,6/9/2024
6,Tish,Melsome,tmelsome5@parallels.com,104-526-5455,Female,4/18/1971,true,5/30/2024
7,Ingrim,Spinola,ispinola6@privacy.gov.au,728-580-2562,Male,11/27/1981,true,4/28/2024
8,Kendricks,Peagram,kpeagram7@apple.com,492-123-4300,Male,10/4/2002,false,4/27/2024
9,Mirella,Paddie,mpaddie8@dailymail.co.uk,597-658-7304,Female,9/14/1935,false,4/3/2024
10,Alasdair,Quantrill,aquantrill9@weebly.com,,Male,4/9/1951,true,5/15/2024
11,Galen,Purver,gpurvera@yandex.ru,,Male,1/22/1964,false,5/22/2024
12,Pablo,Wardle,pwardleb@upenn.edu,430-864-7781,Male,4/27/1981,true,6/2/2024
13,Lucius,Glayzer,lglayzerc@ca.gov,762-444-4727,Male,6/21/1947,true,6/9/2024
14,Carleen,Slimme,cslimmed@webeden.co.uk,529-526-5245,Female,12/31/1979,true,5/13/2024
15,Vin,Gilloran,vgillorane@bandcamp.com,755-173-6688,Agender,7/4/1982,false,6/13/2024
16,Aurilia,Ceaplen,aceaplenf@phpbb.com,520-283-8742,Female,1/11/1989,false,6/19/2024
17,Kirsten,Andrassy,kandrassyg@china.com.cn,235-863-1443,Female,8/5/1983,true,4/7/2024
18,Alvis,Towndrow,atowndrowh@icq.com,422-788-7444,Male,6/8/2003,true,4/11/2024
19,,Cordall,dcordalli@eepurl.com,718-405-8345,Male,2/20/1932,true,6/8/2024
20,Cherida,Boulding,cbouldingj@typepad.com,194-704-3909,Female,11/19/1926,true,5/15/2024
21,Curr,Eliez,celiezk@si.edu,516-653-0575,Male,9/14/1960,false,4/14/2024
22,Correy,Janos,cjanosl@nasa.gov,963-896-8789,Female,4/23/1925,true,5/23/2024
23,Cathe,Darkin,cdarkinm@geocities.jp,666-839-9845,Female,9/22/1929,true,4/22/2024
24,,Stihl,bstihln@nifty.com,900-493-7615,Bigender,5/2/1922,true,5/14/2024
25,Ly,Androck,landrocko@amazon.de,,Male,7/17/1928,true,5/29/2024
26,Rubie,Gainseford,rgainsefordp@google.es,566-130-5501,Genderqueer,5/17/1938,false,5/6/2024
27,Elizabeth,Frank,efrankq@hatena.ne.jp,863-434-8685,Female,12/4/1966,false,6/12/2024
28,Teresina,Gold,tgoldr@samsung.com,865-255-0707,Bigender,1/17/2016,true,5/19/2024
29,Sawyer,Simpkin,ssimpkins@psu.edu,368-330-4102,Genderqueer,1/31/1993,false,4/29/2024
30,Brendin,Freed,bfreedt@nationalgeographic.com,,Agender,2/24/1968,true,4/12/2024
31,Kerri,Jewkes,kjewkesu@xing.com,245-706-1334,Female,12/2/1983,true,5/22/2024
32,Glenine,Pretswell,gpretswellv@wired.com,,Female,12/11/1949,true,4/9/2024
33,Madelena,Fencott,mfencottw@biblegateway.com,971-634-4668,Female,8/2/1957,true,5/8/2024
34,Gavra,Cobleigh,gcobleighx@macromedia.com,890-966-3108,Female,8/1/1945,true,6/14/2024
35,Devy,Semble,dsembley@indiatimes.com,336-876-9687,Male,5/14/1980,false,6/3/2024
36,Dawna,Andrault,dandraultz@senate.gov,208-992-9931,Female,4/24/1984,true,6/14/2024
37,Ami,Bellanger,abellanger10@issuu.com,,Female,11/5/1962,true,6/13/2024
38,Joell,Baxill,jbaxill11@hugedomains.com,958-201-4929,Female,5/2/1983,false,4/17/2024
39,Bartholomeo,Jorin,bjorin12@mozilla.org,159-476-5615,Male,2/24/1977,false,4/26/2024
40,Penn,Chandlar,pchandlar13@networksolutions.com,662-478-7923,Male,2/6/1991,true,4/26/2024
41,Lilian,Hugueville,lhugueville14@e-recht24.de,991-776-8803,Female,8/26/2000,true,5/8/2024
42,Dyanne,,djoiner15@lycos.com,617-509-0030,Female,4/8/2017,true,6/1/2024
43,Mathew,Burnell,mburnell16@shop-pro.jp,648-452-3840,Male,4/7/2019,true,4/12/2024
44,Maryrose,Loosely,mloosely17@elpais.com,395-236-7092,Female,8/11/1980,false,5/28/2024
45,,Mouan,smouan18@house.gov,101-429-8490,Female,7/4/1948,true,4/1/2024
46,Jenica,Haggie,jhaggie19@intel.com,336-709-9202,Female,9/18/1926,false,4/8/2024
47,Darleen,Moscon,dmoscon1a@comcast.net,568-169-1248,Female,4/10/1955,false,4/26/2024
48,Joycelin,Lowten,jlowten1b@dailymotion.com,124-271-4957,Female,7/6/1958,true,4/27/2024
49,Tine,Bleibaum,tbleibaum1c@imgur.com,918-741-0487,Female,8/10/2021,false,4/24/2024
50,Elbertine,Grunbaum,egrunbaum1d@globo.com,386-483-1180,Female,6/14/2009,false,4/5/2024
51,Rodger,Spendlove,rspendlove1e@omniture.com,710-743-6142,Male,7/17/1920,false,5/6/2024
52,Daffi,Britner,dbritner1f@photobucket.com,,Agender,2/17/2019,true,4/8/2024
53,,Sally,asally1g@deliciousdays.com,603-914-9259,Female,10/28/1988,false,4/21/2024
54,Malena,Beynon,mbeynon1h@live.com,174-573-7512,Female,1/26/1939,true,6/1/2024
55,Ainsley,Dorking,adorking1i@java.com,181-353-9845,Female,1/13/1991,false,5/10/2024
56,Abeu,Coppock.,acoppock1j@stanford.edu,908-126-1355,Male,12/3/1942,false,4/13/2024
57,Ailbert,Georgelin,ageorgelin1k@shutterfly.com,687-675-0385,Male,11/5/1957,true,4/12/2024
58,Hilly,M'Quharge,hmquharge1l@netscape.com,730-509-6137,Male,9/11/1945,false,4/20/2024
59,Haleigh,Hymans,hhymans1m@nyu.edu,633-774-5924,Female,2/25/1989,false,6/2/2024
60,Franklin,Le Cornu,flecornu1n@4shared.com,639-947-7204,Male,6/14/2014,false,5/23/2024
61,Trueman,Germaine,tgermaine1o@phoca.cz,955-702-4554,Male,3/1/1969,false,5/5/2024
62,Tamas,Juhruke,tjuhruke1p@hibu.com,816-923-4775,Male,10/11/2009,true,5/20/2024
63,Danielle,Corbridge,dcorbridge1q@dagondesign.com,290-339-2010,Female,3/20/2020,true,6/17/2024
64,Abbey,Andrzejak,aandrzejak1r@skype.com,481-846-2109,Polygender,10/20/1964,true,4/30/2024
65,Kim,Goymer,kgoymer1s@npr.org,916-181-7536,Male,4/7/2022,false,4/24/2024
66,Loydie,Picton,lpicton1t@newsvine.com,,Male,6/29/2013,true,5/22/2024
67,Johanna,Gilcriest,jgilcriest1u@homestead.com,961-308-7318,Female,10/3/1973,true,6/11/2024
68,Georgine,Cannings,gcannings1v@theglobeandmail.com,665-166-9148,Agender,9/24/2023,true,5/2/2024
69,Will,Zamorrano,wzamorrano1w@ow.ly,,Male,8/4/1982,false,6/2/2024
70,Denyse,,dlambis1x@nps.gov,247-362-6888,Non-binary,3/5/1936,false,4/1/2024
71,Lelia,Outright,loutright1y@scribd.com,392-863-8142,Female,9/4/2005,true,5/20/2024
72,Mignonne,Staniland,mstaniland1z@dailymail.co.uk,662-873-2026,Female,2/27/1993,true,5/22/2024
73,Shay,McTrustey,smctrustey20@infoseek.co.jp,149-268-5046,Male,12/25/2007,false,6/14/2024
74,Lyssa,Canizares,lcanizares21@google.com.br,301-866-6979,Polygender,5/23/1977,true,5/21/2024
75,Kimberly,Branwhite,kbranwhite22@taobao.com,654-935-2977,Female,5/3/1973,false,6/1/2024
76,Taddeo,Gwynn,tgwynn23@ebay.com,,Male,12/8/1946,false,5/24/2024
77,Imogen,Claus,iclaus24@nsw.gov.au,,Female,10/11/1976,false,6/5/2024
78,Domenico,Akehurst,dakehurst25@networksolutions.com,225-726-9577,Bigender,9/17/1940,false,5/2/2024
79,Abby,Kobpac,akobpac26@macromedia.com,565-360-9819,Male,5/16/1970,true,5/31/2024
80,Joann,Nehls,jnehls27@oakley.com,826-660-9498,Female,10/19/1956,true,5/30/2024
81,Helge,Bunker,hbunker28@hud.gov,,Female,3/3/1938,false,5/11/2024
82,Elizabeth,Dennerly,edennerly29@aol.com,837-761-9106,Female,1/22/1992,false,5/28/2024
83,Shirleen,Dauber,sdauber2a@dell.com,439-673-3451,Female,12/26/1934,false,4/4/2024
84,Curr,Jewett,cjewett2b@macromedia.com,275-712-7902,Male,4/3/1936,false,5/24/2024
85,Darwin,Flanaghan,dflanaghan2c@fc2.com,,Male,4/24/2016,true,5/6/2024
86,Gardie,Ghirigori,gghirigori2d@china.com.cn,,Male,8/9/1989,false,4/27/2024
87,Madlen,Meardon,mmeardon2e@diigo.com,144-240-2289,Female,7/11/1947,true,6/19/2024
88,Bail,Ferns,bferns2f@furl.net,885-216-9723,Male,4/22/1960,true,5/19/2024
89,,Bendel,gbendel2g@tuttocitta.it,353-720-4573,Female,11/5/2020,true,4/21/2024
90,Pat,Ivett,pivett2h@ycombinator.com,978-370-7100,Male,11/15/1944,false,6/4/2024
91,Torrin,Stieger,tstieger2i@thetimes.co.uk,475-619-6663,Male,4/5/1978,true,5/5/2024
92,Thayne,Fishbourne,tfishbourne2j@simplemachines.org,276-411-2088,Male,7/14/1921,false,6/12/2024
93,Rodd,Hansod,rhansod2k@ca.gov,675-463-4069,Male,9/18/2021,true,4/25/2024
94,Barbette,Critoph,bcritoph2l@scribd.com,696-253-5567,Agender,12/22/1961,true,5/29/2024
95,Jaquith,Carville,jcarville2m@spiegel.de,,Female,10/11/1935,false,4/14/2024
96,Pepillo,Kubes,pkubes2n@ebay.com,920-178-1876,Male,11/23/1962,false,6/19/2024
97,Even,Sailes,esailes2o@blogtalkradio.com,168-437-0883,Male,12/28/1950,false,5/17/2024
98,Roz,Jindrich,rjindrich2p@who.int,121-818-2512,Female,3/21/1923,false,6/15/2024
99,Suzie,Oland,soland2q@csmonitor.com,,Female,3/9/2005,true,5/23/2024
100,Wileen,Hargroves,whargroves2r@ezinearticles.com,,Female,2/1/1997,true,4/25/2024
101,Cecily,Keep,ckeep2s@photobucket.com,,Female,5/10/1953,true,4/14/2024
102,Brietta,Dallewater,bdallewater2t@chronoengine.com,412-349-9300,Female,12/4/1994,false,6/8/2024
103,Baxter,Pyecroft,bpyecroft2u@deliciousdays.com,,Male,6/25/1997,false,5/31/2024
104,Iseabal,Yellowlees,iyellowlees2v@barnesandnoble.com,810-691-5593,Female,11/6/1930,true,5/7/2024
105,Gypsy,MacQueen,gmacqueen2w@deliciousdays.com,,Female,2/19/1928,false,5/28/2024
106,Ronni,Aisthorpe,raisthorpe2x@infoseek.co.jp,,Female,12/4/1946,true,4/23/2024
107,Clarie,Hewes,chewes2y@shareasale.com,401-709-8741,Female,12/13/1960,false,6/3/2024
108,Sibeal,Codner,scodner2z@intel.com,972-718-8514,Female,6/21/2023,false,5/17/2024
109,Gwenni,Toyne,gtoyne30@bbb.org,413-917-0915,Female,5/11/1920,false,6/8/2024
110,Syd,Locker,slocker31@techcrunch.com,,Male,2/6/2019,false,4/26/2024
111,Willem,Cecere,wcecere32@comcast.net,884-208-5736,Male,3/4/2009,true,5/6/2024
112,Darn,Lobley,dlobley33@hostgator.com,576-129-9140,Male,1/22/1933,true,4/12/2024
113,Richard,Petyankin,rpetyankin34@ask.com,649-736-4805,Male,10/25/1951,false,5/9/2024
114,Falkner,Daborne,fdaborne35@behance.net,,Male,8/20/2010,true,5/8/2024
115,Marrilee,Wakelam,mwakelam36@friendfeed.com,338-693-6569,Female,12/25/1920,true,5/24/2024
116,Sonny,Cocklin,scocklin37@admin.ch,650-986-3261,Female,3/24/1941,true,4/5/2024
117,Kalle,Meyrick,kmeyrick38@npr.org,,Male,12/26/1988,true,4/23/2024
118,Aristotle,Reddlesden,areddlesden39@mail.ru,197-935-5698,Male,5/7/1924,false,4/4/2024
119,Cobby,Chatt,cchatt3a@wikispaces.com,480-793-1109,Male,11/12/1971,false,5/26/2024
120,Gardner,Dalrymple,gdalrymple3b@simplemachines.org,944-253-3745,Male,4/11/1948,true,4/16/2024
121,Nanny,Guillou,nguillou3c@reddit.com,703-172-2008,Agender,10/28/1976,false,6/10/2024
122,Piper,Hickinbottom,phickinbottom3d@pbs.org,152-676-6044,Female,7/3/1954,true,6/9/2024
123,Mendie,Guiet,mguiet3e@barnesandnoble.com,153-567-6879,Male,4/18/1946,false,5/12/2024
124,Nevsa,Lafford,nlafford3f@forbes.com,,Female,2/18/1936,false,5/21/2024
125,,Bremmer,hbremmer3g@reverbnation.com,621-944-7080,Male,12/9/1937,false,5/11/2024
126,Jeannie,Treagus,jtreagus3h@usgs.gov,904-375-4753,Female,8/12/1997,true,5/17/2024
127,Page,Redmire,predmire3i@reverbnation.com,593-367-6774,Male,11/30/1962,false,5/28/2024
128,Sonya,Tomlin,stomlin3j@weather.com,764-830-8378,Female,12/5/1923,false,6/11/2024
129,Fitz,Pakes,fpakes3k@theatlantic.com,,Male,5/22/1927,true,5/15/2024
130,Chandal,Eve,ceve3l@vk.com,861-805-7623,Female,5/3/1979,true,5/1/2024
131,Tandie,Manchett,tmanchett3m@bbb.org,937-134-2043,Female,9/29/2010,true,4/8/2024
132,Meade,Matzl,mmatzl3n@bandcamp.com,402-861-5109,Female,4/23/1963,true,6/4/2024
133,Vinnie,Schout,vschout3o@cisco.com,,Male,4/1/1968,true,4/5/2024
134,Daryl,Blunden,dblunden3p@sphinn.com,813-353-4082,Male,9/14/2008,true,5/5/2024
135,Jobye,,jhanselmann3q@google.cn,486-698-2546,Agender,1/13/2017,true,6/14/2024
136,Ericha,Tissier,etissier3r@dyndns.org,,Female,5/15/2013,false,4/1/2024
137,Isabeau,,inijs3s@timesonline.co.uk,370-712-3699,Female,10/7/1928,true,6/12/2024
138,Linnie,Ferraraccio,lferraraccio3t@vistaprint.com,548-787-6362,Bigender,5/12/2008,false,6/16/2024
139,Beth,Vasyutichev,bvasyutichev3u@imgur.com,232-364-6762,Female,5/4/1958,false,4/25/2024
140,Ash,Pallent,apallent3v@dot.gov,,Male,8/5/1951,false,4/23/2024
141,Raquela,Folkerts,rfolkerts3w@hc360.com,191-503-8187,Female,1/5/2011,true,5/25/2024
142,Nolana,Testin,ntestin3x@skyrock.com,319-146-7874,Female,9/4/2012,true,5/19/2024
143,Thaxter,Haxbie,thaxbie3y@4shared.com,,Male,4/9/1994,true,4/1/2024
144,Cherie,Greenslade,cgreenslade3z@soundcloud.com,264-594-1709,Genderqueer,12/13/1943,false,6/5/2024
145,Arlena,Tournie,atournie40@goodreads.com,635-337-4705,Female,2/14/1931,true,6/14/2024
146,Betti,Druhan,bdruhan41@examiner.com,,Polygender,7/25/1995,false,4/19/2024
147,Cristionna,Jerdein,cjerdein42@dot.gov,,Female,4/30/2012,true,6/3/2024
148,Karoline,Minister,kminister43@pcworld.com,843-765-1088,Female,5/28/1978,true,5/25/2024
149,Tessie,Pilbury,tpilbury44@liveinternet.ru,215-761-8914,Female,3/9/1980,true,5/29/2024
150,Ansley,Champkins,achampkins45@ocn.ne.jp,986-589-8217,Female,3/21/1968,true,6/10/2024
151,Heywood,McCheyne,hmccheyne46@deviantart.com,777-752-7270,Male,11/3/1983,false,4/24/2024
152,Koralle,Fassmann,kfassmann47@shinystat.com,854-798-7890,Female,4/19/1930,false,4/27/2024
153,Ianthe,Gronauer,igronauer48@so-net.ne.jp,239-763-0442,Female,2/1/1997,false,4/10/2024
154,Matt,Ellacombe,mellacombe49@latimes.com,,Male,5/31/1983,true,5/3/2024
155,Eleanore,Muzzullo,emuzzullo4a@desdev.cn,767-816-6764,Female,1/12/2019,true,5/14/2024
156,Earvin,Lopez,elopez4b@csmonitor.com,821-924-1964,Male,6/22/1978,false,5/2/2024
157,Cleo,Stannus,cstannus4c@ask.com,333-149-1565,Female,8/15/1953,false,4/15/2024
158,Chelsea,Phizacklea,cphizacklea4d@nyu.edu,588-969-6617,Female,9/3/1932,false,4/20/2024
159,Gerrilee,,gfinnie4e@reddit.com,,Female,6/14/1943,false,5/13/2024
160,Lynnett,Grose,lgrose4f@nymag.com,832-638-9910,Female,1/20/1946,true,5/4/2024
161,Aryn,Capes,acapes4g@about.me,969-210-6250,Female,11/10/1959,true,5/13/2024
162,Kaylyn,Boultwood,kboultwood4h@usda.gov,174-471-6374,Non-binary,1/5/1983,false,5/22/2024
163,Chase,Pollok,cpollok4i@squidoo.com,589-246-4028,Non-binary,8/25/1992,true,4/20/2024
164,Wilburt,Tomkiss,wtomkiss4j@ihg.com,,Genderfluid,1/18/1970,true,4/7/2024
165,Kennie,Good,kgood4k@shareasale.com,253-310-5054,Male,1/28/2021,true,6/8/2024
166,Harmonie,Lorey,hlorey4l@ezinearticles.com,,Female,5/21/1975,true,6/1/2024
167,Bat,Trusse,btrusse4m@mediafire.com,804-138-3373,Male,6/8/2023,false,4/5/2024
168,Margery,Bellefonte,mbellefonte4n@joomla.org,,Female,3/31/2013,false,4/30/2024
169,Queenie,Lovelock,qlovelock4o@shinystat.com,877-361-9204,Genderqueer,11/11/1963,false,4/3/2024
170,Caesar,Monks,cmonks4p@usda.gov,,Male,2/3/1953,true,4/27/2024
171,Teirtza,Buggs,tbuggs4q@jigsy.com,416-175-5678,Female,1/14/2014,false,4/24/2024
172,Lee,Tweedell,ltweedell4r@printfriendly.com,119-482-5300,Female,9/21/1970,false,4/15/2024
173,Lea,Brocklehurst,lbrocklehurst4s@fda.gov,575-730-6059,Female,4/18/1996,true,5/13/2024
174,Julieta,McCarlie,jmccarlie4t@skype.com,936-945-9434,Female,9/15/1987,false,6/15/2024
175,Waylen,Valencia,wvalencia4u@rediff.com,552-174-8332,Male,1/17/1951,false,4/27/2024
176,Orion,Colpus,ocolpus4v@reuters.com,,Male,9/18/1943,true,5/1/2024
177,Vinita,McGaugie,vmcgaugie4w@state.tx.us,732-375-8460,Female,11/12/1977,false,6/16/2024
178,Ivan,Ewers,iewers4x@parallels.com,845-480-6981,Male,11/1/1921,true,5/22/2024
179,Torrey,Schukraft,tschukraft4y@globo.com,,Male,3/20/1953,false,5/28/2024
180,Rolf,Callaby,rcallaby4z@wired.com,516-623-2788,Male,2/11/1948,true,4/14/2024
181,Nissie,Cullabine,ncullabine50@imageshack.us,461-687-3322,Female,8/24/1971,true,5/29/2024
182,Daron,Hildred,dhildred51@prweb.com,,Male,5/26/1971,false,5/15/2024
183,Luisa,Struan,lstruan52@opensource.org,965-408-0217,Female,1/4/1982,true,4/19/2024
184,Nels,Emberton,nemberton53@cargocollective.com,756-576-4590,Male,6/21/1987,false,4/9/2024
185,Kimbell,Ropking,kropking54@mozilla.com,,Male,5/11/1993,false,5/20/2024
186,Lorinda,Carncross,lcarncross55@slashdot.org,425-855-8242,Genderqueer,9/2/1921,true,6/2/2024
187,Juliette,Coan,jcoan56@photobucket.com,218-190-5977,Female,11/17/1951,false,6/14/2024
188,Annemarie,Tieman,atieman57@google.com,103-736-0499,Female,8/12/1944,false,5/11/2024
189,,Bartoli,rbartoli58@de.vu,991-642-4458,Female,9/28/1980,true,6/1/2024
190,Evin,Bellam,ebellam59@miibeian.gov.cn,,Male,5/9/1989,false,4/30/2024
191,Jaquith,Lemin,jlemin5a@cargocollective.com,,Female,10/31/1945,true,5/3/2024
192,Solomon,,slaundon5b@abc.net.au,483-998-5686,Male,12/16/1961,false,4/12/2024
193,Brok,Philler,bphiller5c@dyndns.org,219-779-4435,Male,11/25/2018,false,5/19/2024
194,Shelbi,Danielovitch,sdanielovitch5d@exblog.jp,925-394-2956,Female,1/25/2019,true,5/4/2024
195,Valma,Ellson,vellson5e@github.com,736-421-3916,Female,3/18/2015,true,6/17/2024
196,Conant,Naismith,cnaismith5f@nifty.com,,Male,2/12/1923,false,4/27/2024
197,Jacquelyn,Hickisson,jhickisson5g@ted.com,456-509-8616,Agender,1/19/2005,false,5/6/2024
198,Karita,Lafranconi,klafranconi5h@merriam-webster.com,635-330-7423,Female,2/7/1990,true,4/18/2024
199,Erin,Abella,eabella5i@whitehouse.gov,296-114-1350,Male,10/17/2014,true,5/24/2024
200,Aurelea,Matisoff,amatisoff5j@de.vu,496-477-7254,Female,7/7/1991,false,4/18/2024
201,Ethelin,Smallacombe,esmallacombe5k@engadget.com,522-625-1000,Female,7/4/1959,false,4/5/2024
202,Myles,Sleightholme,msleightholme5l@chicagotribune.com,,Male,9/10/1952,false,4/24/2024
203,Teri,Mc Queen,tmcqueen5m@noaa.gov,791-757-0047,Polygender,5/16/1977,false,4/14/2024
204,Byram,Rosone,brosone5n@newyorker.com,484-939-3699,Male,7/13/2017,false,5/24/2024
205,Early,Carcas,ecarcas5o@a8.net,,Male,1/27/1977,false,4/14/2024
206,Anson,Sleit,asleit5p@walmart.com,566-631-8759,Male,9/11/1935,true,4/22/2024
207,Nappie,Jeffryes,njeffryes5q@ibm.com,669-912-0220,Male,7/26/1959,false,4/13/2024
208,,Siseland,dsiseland5r@example.com,216-723-3940,Male,2/12/2006,true,5/11/2024
209,Sayers,Dacks,sdacks5s@chicagotribune.com,,Male,5/2/2009,false,5/9/2024
210,Tucky,Dudson,tdudson5t@multiply.com,866-869-6393,Male,8/25/1931,false,4/20/2024
211,Abbot,Gillinghams,agillinghams5u@dedecms.com,522-950-3426,Male,9/5/1934,true,6/4/2024
212,Tony,Wallicker,twallicker5v@canalblog.com,,Male,6/7/1943,false,5/22/2024
213,Barbra,Ashburne,bashburne5w@skype.com,660-266-5611,Female,7/16/2011,true,4/13/2024
214,Haily,Pardey,hpardey5x@nationalgeographic.com,213-429-2677,Male,4/17/1922,true,5/17/2024
215,Hope,Caile,hcaile5y@nbcnews.com,219-212-8087,Female,11/9/1930,true,4/18/2024
216,Pyotr,Braidford,pbraidford5z@rambler.ru,,Genderqueer,3/11/1968,true,6/18/2024
217,Gerrie,Markovic,gmarkovic60@acquirethisname.com,,Male,9/10/1959,true,4/1/2024
218,Winston,Willcox,wwillcox61@theatlantic.com,886-521-1180,Male,12/9/1953,false,5/15/2024
219,Josh,La Rosa,jlarosa62@ustream.tv,,Male,2/11/1935,true,5/25/2024
220,Case,Cullum,ccullum63@craigslist.org,,Male,11/19/2004,false,5/5/2024
221,Erik,Aucourte,eaucourte64@bbb.org,,Male,2/25/2017,false,4/3/2024
222,Dewitt,,dgryglewski65@goodreads.com,124-425-1789,Male,1/1/1942,true,6/17/2024
223,,Bontein,cbontein66@goo.ne.jp,279-166-4612,Male,2/10/1999,false,6/8/2024
224,Dalli,Fulkes,dfulkes67@yandex.ru,,Male,6/18/1944,false,4/8/2024
225,Sibeal,Addams,saddams68@gravatar.com,,Female,4/10/2009,false,5/8/2024
226,Harrietta,Souten,hsouten69@deviantart.com,591-896-4462,Female,5/5/1948,true,6/6/2024
227,Elizabeth,Carradice,ecarradice6a@instagram.com,,Female,6/11/1950,false,5/27/2024
228,Frannie,Sparsholt,fsparsholt6b@blinklist.com,,Male,9/24/1961,false,6/14/2024
229,Ivie,Favell,ifavell6c@si.edu,997-196-9383,Female,7/11/1967,true,5/2/2024
230,,Gwinnett,kgwinnett6d@wix.com,,Male,10/27/1926,false,6/9/2024
231,Myrna,Vieyra,mvieyra6e@geocities.jp,620-939-3785,Female,8/17/2010,false,4/27/2024
232,Steffi,Michelmore,smichelmore6f@microsoft.com,,Female,5/13/1921,false,5/24/2024
233,Esteban,Bech,ebech6g@yellowbook.com,941-901-9524,Male,4/22/1940,true,6/13/2024
234,Starlene,Forman,sforman6h@weebly.com,401-471-7416,Female,3/7/2005,true,4/16/2024
235,Aliza,Konerding,akonerding6i@about.me,393-786-4736,Female,6/24/1978,true,5/24/2024
236,Casey,Lemerie,clemerie6j@dot.gov,,Female,6/19/1996,false,6/19/2024
237,Ivett,Morfey,imorfey6k@aol.com,987-958-3691,Female,3/10/1978,true,5/18/2024
238,Henry,Fullager,hfullager6l@quantcast.com,,Male,8/6/1969,true,4/15/2024
239,Cecilla,Jupp,cjupp6m@slashdot.org,,Female,6/28/1999,false,6/20/2024
240,Carny,Phethean,cphethean6n@canalblog.com,,Male,12/1/1991,true,5/24/2024
241,Sayer,Haxby,shaxby6o@creativecommons.org,360-637-6965,Male,9/17/1952,true,4/7/2024
242,Herschel,Andreone,handreone6p@de.vu,947-968-0192,Male,7/8/1982,true,4/1/2024
243,Gian,Erbain,gerbain6q@github.io,730-248-4386,Male,7/7/2010,false,4/3/2024
244,Cordell,Manning,cmanning6r@dyndns.org,,Male,3/29/1948,false,4/10/2024
245,Cloe,Kilgour,ckilgour6s@google.it,387-840-5036,Female,10/2/1999,false,4/14/2024
246,Camellia,Paal,cpaal6t@digg.com,278-983-6430,Female,7/26/1951,true,5/13/2024
247,Patric,Howland,phowland6u@techcrunch.com,734-535-4915,Male,8/19/2023,false,5/22/2024
248,Terese,,tibbison6v@t.co,196-943-1098,Female,2/26/1968,false,5/20/2024
249,Felipe,Bowcock,fbowcock6w@hexun.com,303-521-6880,Male,9/23/2000,false,5/28/2024
250,Robb,Codeman,rcodeman6x@hp.com,696-324-0999,Male,10/28/1998,true,5/12/2024
251,Amye,Fere,afere6y@1und1.de,932-986-3218,Female,9/11/1947,true,5/30/2024
252,Andra,O'Loughane,aoloughane6z@sciencedirect.com,947-199-3699,Female,1/1/1954,false,6/16/2024
253,Dianemarie,Urridge,durridge70@marriott.com,,Female,7/2/1937,false,4/29/2024
254,Krysta,Belfitt,kbelfitt71@squidoo.com,395-636-0145,Female,4/26/1936,false,5/28/2024
255,Eadmund,Cavilla,ecavilla72@google.cn,,Male,2/5/1930,true,4/17/2024
256,Parke,MacGarvey,pmacgarvey73@moonfruit.com,832-141-8120,Male,12/31/1942,true,4/20/2024
257,Garfield,Foard,gfoard74@slashdot.org,504-191-2167,Male,8/30/2017,true,6/4/2024
258,Skip,Goretti,sgoretti75@bigcartel.com,845-428-0019,Male,6/9/1976,true,4/28/2024
259,Marlo,McCloughlin,mmccloughlin76@bloglines.com,137-680-6930,Female,10/17/1983,false,4/5/2024
260,Vale,Etchingham,vetchingham77@cornell.edu,805-884-6560,Male,5/6/2016,false,4/14/2024
261,Atlante,Sweeny,asweeny78@hud.gov,492-201-7424,Female,12/5/1953,true,5/5/2024
262,Lilli,Brigden,lbrigden79@biblegateway.com,219-361-2183,Female,10/10/2000,true,5/25/2024
263,Carney,Draco,cdraco7a@theatlantic.com,231-559-0211,Male,9/27/2007,true,6/5/2024
264,Corette,Reddie,creddie7b@cloudflare.com,216-723-2601,Female,11/3/1970,true,6/2/2024
265,Ogdan,McGarrity,omcgarrity7c@tuttocitta.it,920-172-8417,Male,9/23/1985,false,5/28/2024
266,Sayre,Jahncke,sjahncke7d@squidoo.com,582-978-1092,Polygender,8/6/2007,false,6/15/2024
267,Cesaro,Linde,clinde7e@bing.com,933-305-3720,Male,12/4/2019,true,4/1/2024
268,Helga,Rostron,hrostron7f@goo.ne.jp,,Female,10/28/1979,false,4/24/2024
269,Mikel,Stinson,mstinson7g@list-manage.com,,Male,3/12/2006,true,5/1/2024
270,Lauritz,Gregr,lgregr7h@uol.com.br,,Male,12/6/2001,false,5/21/2024
271,,Tolcharde,ltolcharde7i@columbia.edu,,Male,5/11/1958,true,4/15/2024
272,Cordie,Fley,cfley7j@about.com,,Female,2/4/1978,true,6/15/2024
273,Rania,Braycotton,rbraycotton7k@bloglines.com,532-895-9958,Female,5/25/1937,true,4/26/2024
274,Cassius,Penquet,cpenquet7l@sohu.com,,Polygender,12/2/1995,true,4/27/2024
275,Zarla,Ors,zors7m@independent.co.uk,651-297-5890,Polygender,4/28/1973,false,5/31/2024
276,Nehemiah,Glasspoole,nglasspoole7n@dion.ne.jp,,Male,4/17/2003,false,5/6/2024
277,Laurianne,Yegorchenkov,lyegorchenkov7o@fema.gov,895-302-0998,Female,1/10/2014,true,5/2/2024
278,Myles,Whatsize,mwhatsize7p@webnode.com,,Male,9/12/1958,false,5/14/2024
279,Della,Padden,dpadden7q@kickstarter.com,789-358-1002,Female,9/18/1998,true,5/28/2024
280,Lyle,Waddicor,lwaddicor7r@eepurl.com,,Male,2/4/1942,true,4/26/2024
281,Oliver,Wagerfield,owagerfield7s@delicious.com,255-644-1647,Male,7/2/1966,true,5/25/2024
282,Annabel,Cowell,acowell7t@sfgate.com,768-716-9103,Non-binary,12/28/1986,false,4/15/2024
283,Glori,Scandred,gscandred7u@reference.com,927-377-9545,Female,9/12/1934,false,4/8/2024
284,Foster,Maddaford,fmaddaford7v@shop-pro.jp,717-540-5823,Male,5/18/1997,true,5/11/2024
285,Vina,Ary,vary7w@feedburner.com,118-562-0500,Female,12/31/1941,true,5/16/2024
286,Trisha,Corrie,tcorrie7x@skyrock.com,,Female,8/22/1996,true,6/16/2024
287,Tresa,Nourse,tnourse7y@constantcontact.com,,Female,7/4/2003,false,5/7/2024
288,Delphinia,Swayne,dswayne7z@t-online.de,839-976-8228,Female,9/16/1991,false,5/5/2024
289,Hernando,Searjeant,hsearjeant80@wisc.edu,,Male,6/8/1979,false,4/30/2024
290,Lindy,Wildin,lwildin81@amazon.de,952-999-7595,Genderfluid,12/27/2022,true,4/18/2024
291,Idalina,Euston,ieuston82@live.com,715-817-2168,Female,2/17/1940,false,4/1/2024
292,Charla,Bus,cbus83@liveinternet.ru,226-694-3545,Female,6/24/2012,false,4/3/2024
293,Stephen,Briscam,sbriscam84@networkadvertising.org,527-540-1156,Male,9/8/2021,true,6/16/2024
294,Erminia,Telfer,etelfer85@deviantart.com,796-427-6907,Female,8/28/1975,true,4/9/2024
295,Abbey,McNiff,amcniff86@jiathis.com,846-840-2607,Female,5/25/2001,true,6/1/2024
296,Martino,Willcock,mwillcock87@usatoday.com,347-499-7234,Male,12/12/1939,true,5/22/2024
297,Kirsten,Getten,kgetten88@hexun.com,736-897-2769,Female,4/25/1928,false,5/22/2024
298,Bronny,Perel,bperel89@google.ca,892-716-1573,Non-binary,9/13/2012,false,4/5/2024
299,Deeyn,Assandri,dassandri8a@booking.com,332-706-3684,Polygender,4/8/2020,true,4/25/2024
300,Elyse,Turbill,eturbill8b@so-net.ne.jp,897-930-3072,Female,4/28/1937,false,4/2/2024
