id,first_name,last_name,email,gender,ip_address
,Paquito,Eades,peades0@sakura.ne.jp,,75.136.97.203
,,Gladding,ngladding1@foxnews.com,,230.34.94.152
3,Susanetta,,spizzey2@bandcamp.com,Polygender,152.133.245.95
,Brandi,,bdanne3@moonfruit.com,,19.162.235.59
,Leslie,Lacheze,llacheze4@mapy.cz,Male,242.3.112.23
6,Culley,Hathway,chathway5@techcrunch.com,,147.129.227.146
7,Nathanil,Giacovelli,ngiacovelli6@stumbleupon.com,Male,8.211.6.9
8,Theo,Jiran,tjiran7@bizjournals.com,,17.158.254.117
9,Rudy,,rdevenish8@smugmug.com,,176.245.65.66
10,Aggi,,agremane9@ibm.com,Female,179.166.251.98
11,Sherri,Mapother,smapothera@tinypic.com,,193.132.206.222
12,Dorolisa,Heinrici,dheinricib@com.com,Non-binary,128.166.53.218
,Ulla,Jaskowicz,ujaskowiczc@stanford.edu,,170.113.164.151
14,Harrison,Grey,hgreyd@upenn.edu,,249.160.66.59
15,Caesar,Firebrace,cfirebracee@cisco.com,,136.70.233.195
16,Wandie,Timlin,wtimlinf@last.fm,,14.86.117.111
17,Vassily,Bayford,vbayfordg@biglobe.ne.jp,,248.96.128.109
,Tobit,Drew,tdrewh@joomla.org,Male,42.23.144.36
19,Ritchie,Youster,ryousteri@bloglovin.com,Genderfluid,219.89.113.240
,Norah,Thake,nthakej@nsw.gov.au,,87.101.65.76
21,Addison,Fardy,afardyk@wikispaces.com,,181.26.84.90
22,,Cordeix,acordeixl@blogs.com,Male,64.240.73.180
,Enrico,Karoly,ekarolym@xrea.com,,165.37.145.132
24,Alexio,,aharbern@plala.or.jp,Bigender,7.89.51.108
,Flo,Casier,fcasiero@washington.edu,,231.161.164.118
,Renaud,Dyster,rdysterp@shinystat.com,Male,50.36.60.79
27,,Calafate,icalafateq@alexa.com,Genderqueer,52.242.123.217
,Wilden,Dundon,wdundonr@artisteer.com,Male,128.183.140.187
29,Abbie,Knath,aknaths@cbc.ca,Female,212.193.113.193
30,Rufe,,rarrellt@sina.com.cn,,101.89.141.153
31,Drew,Larwood,dlarwoodu@reference.com,,202.69.240.43
32,Ema,,ecratv@marriott.com,,143.25.44.29
,Marj,Bootes,mbootesw@utexas.edu,,52.142.198.118
34,Ahmed,Crabtree,acrabtreex@earthlink.net,Male,184.129.90.92
35,Josephine,Shreeve,jshreevey@exblog.jp,,244.29.109.11
36,,Picken,dpickenz@tripadvisor.com,,86.43.226.107
37,Fergus,Robinson,frobinson10@youku.com,Male,220.89.132.255
38,Pia,,pdrewes11@umich.edu,Female,13.128.179.242
39,Normie,,nmugridge12@ca.gov,Male,232.140.55.101
40,,Bricham,sbricham13@ihg.com,,3.29.244.21
41,Luciana,Duding,lduding14@scientificamerican.com,,115.72.2.99
42,Gusty,,gmillbank15@tiny.cc,,48.85.240.78
43,Ardelia,Davley,adavley16@cbslocal.com,,162.240.227.113
44,Carmela,Hryniewicki,chryniewicki17@dot.gov,Female,221.48.233.17
45,Jermaine,Swancock,jswancock18@mozilla.com,,64.194.160.189
46,Ellis,Stollenbeck,estollenbeck19@ebay.com,Male,119.10.183.5
47,Shanna,Giacoboni,sgiacoboni1a@de.vu,,97.215.224.193
48,Kathye,Sheryn,ksheryn1b@twitpic.com,Female,226.232.53.171
,Rowney,Block,rblock1c@addthis.com,,99.91.59.118
50,Liv,Bly,lbly1d@jiathis.com,,113.69.239.94
